TAHUN,PROVINSI,KOTA/KABUPATEN,PERSENTASE BALITA GIZI KURANG (BB/TB: < -2 S.D. -3 SD),PERSENTASE BALITA DITIMBANG (D/S) (L+P),PERSENTASE BALITA BERAT BADAN KURANG(BB/U) ATAU UNDERWEIGHT,PERSENTASE BALITA PENDEK (TB/U) ATAU STUNTING,PERSENTASE BALITA BATUK ATAU KESUKARAN BERNAFAS DIBERIKAN TATALAKSANA STANDAR,PENYEBAB KEMATIAN BALITA (12-59 BULAN)-PNEUMONIA,PENYEBAB KEMATIAN BALITA (12-59 BULAN)-DIARE,PERSENTASE KUNJUNGAN NEONATAL 1 KALI (KN1) (L+P),PERSENTASE KUNJUNGAN NEONATAL 3 KALI (KN1) (L+P),PERSENTASE - BAYI DIIMUNISASI HB0 < 24 JAM (L + P),PERSENTASE - BAYI DIIMUNISASI HB0 1-7 HARI (L),PERSENTASE - BAYI DIIMUNISASI LENGKAP (L + P),PERSENTASE PESERTA KB KONDOM,PERSENTASE PESERTA KB SUNTIK,PERSENTASE PESERTA KB PIL,PERSENTASE PESERTA KB IMPLAN,PERSENTASE PESERTA KB,PERSENTASE IBU BERSALIN/ NIFAS KF1,PERSENTASE IBU HAMIL K1,PERSENTASE IBU HAMIL K4,PERSENTASE IBU HAMIL Td1,PERSENTASE IBU HAMIL Td2,PERSENTASE IBU HAMIL Td3,PERSENTASE WUS (15-39 TAHUN) Td1,PERSENTASE WUS (15-39 TAHUN) Td2,PERSENTASE WUS (15-39 TAHUN) Td3,PERSENTASE WUS (15-39 TAHUN) Td4,PERSENTASE PERSALINAN DI FASYANKES,BOR (%),PERSENTASE PELAYANAN KESEHATAN BAYI (L+P),PERSENTASE - SISWA KELAS 1 SD/MI MENDAPAT PELAYANAN KESEHATAN,PERSENTASE - SISWA KELAS 7 SMP/MTS MENDAPAT PELAYANAN KESEHATAN,PERSENTASE - SISWA KELAS 10 SMA/MA MENDAPAT PELAYANAN KESEHATAN,PERSENTASE - PELAYANAN KESEHATAN PADA USIA PENDIDIKAN DASAR,PERSENTASE BUMIL DENGAN KOMPLIKASI KEBIDANAN DITANGANI ,PERSENTASE  BAYI (6-11 BULAN)  MENDAPAT VIT A,PERSENTASE ANAK BALITA (12-59 BULAN)  MENDAPAT VIT A,PERSENTASE BALITA (6-59 BULAN) MENDAPAT VIT A,PERSENTASE IBU NIFAS MENDAPAT VIT A,PERSENTASE - PUSKESMAS MEMILIKI 80% OBAT DAN VAKSIN ESENSIAL,PERSENTASE - POSYANDU AKTIF,PUSKESMAS MELAKSANAKAN KEGIATAN KESEHATAN REMAJA,PERSENTASE RUMAH SAKIT TERAKREDITASI,PERSENTASE PENDERITA HIPERTENSI MENDAPAT PELAYANAN KESEHATAN (L+P),PERSENTASE PENDERITA DM YANG MENDAPATKAN PELAYANAN KESEHATAN SESUAI STANDAR,PERSENTASE PEMERIKSAAN IVA,PERSENTASE IVA POSITIF,PERSENTASE CURIGA KANKER LEHER RAHIM,PERSENTASE TUMOR/ BENJOLAN,PERSENTASE  ODGJ BERAT MENDAPAT PELAYANAN KESEHATAN,PERSENTASE KASUS DIRUJUK (GIGI),PERSENTASE ANGKA KEBERHASILAN PENGOBATAN (SUCCESS RATE/SR) SEMUA KASUS TUBERKULOSIS (L+P),PERSENTASE SEMUA KASUS TBC (L),PERSENTASE SEMUA KASUS TBC (P),PERSENTASE  KEMATIAN SELAMA PENGOBATAN TUBERKULOSIS,PERSENTASE ANGKA KESEMBUHAN (CURE RATE) TBC PARU TERKONFIRMASI BAKTERIOLOGIS (L),PERSENTASE PENEMUAN KASUS DIARE SEMUA UMUR DILAYANI ,PERSENTASE KASUS BARU PENDERITA KUSTA CACAT TINGKAT 0,PERSENTASE KASUS BARU PENDERITA KUSTA CACAT TINGKAT 2,PERSENTASE TOTAL PENEMUAN PNEUMONIA (L+P),PERSENTASE SARANA AIR MINUM YANG DIAWASI/ DIPERIKSA KUALITAS AIR MINUMNYA SESUAI STANDAR (AMAN),PERSENTASE DEPOT AIR MINUM LAIK HSP,PERSENTASE KK DENGAN AKSES TERHADAP FASILITAS SANITASI YANG LAYAK.1,PERSENTASE  TPM MEMENUHI SYARAT KESEHATAN,PERSENTASE DESA/KELURAHAN STOP BABS (SBS)
2020-01-01,KALIMANTAN BARAT,KAB. SAMBAS,5.0,61.1,13.8,18.2,100.0,0.0,0.0,93.3,92.3,79.1,10.8,89.7,0.8,41.1,17.3,1.0,61.3,89.0,93.4,84.8,7.3,13.2,16.0,1.1,1.8,2.0,1.7,87.0,38.3,79.1,94.4,76.3,58.3,18.4,99.3,92.5,86.0,87.3,89.0,100.0,61.3,5.0,75.0,8.1,16.0,0.2,0.0,0.0,0.0,45.7,8.1,100.0,66.9,33.1,0.2,96.3,29.3,0.0,0.0,5.2,32.7,51.9,81.0,31.6,50.3
2020-01-01,KALIMANTAN BARAT,KAB. BENGKAYANG,10.6,50.4,19.9,30.1,100.0,0.0,2.0,83.4,82.2,62.0,4.4,74.4,0.7,23.2,12.8,4.0,42.8,80.2,93.2,83.6,16.5,13.7,7.0,1.7,1.4,0.7,0.4,75.7,35.2,93.6,29.0,19.8,12.8,11.8,73.6,85.4,76.2,78.3,80.2,88.2,94.2,14.0,100.0,18.9,75.1,2.5,2.9,1.4,0.6,65.0,0.0,100.0,59.8,40.2,0.6,100.0,27.0,0.0,0.0,11.6,59.6,61.5,93.4,63.1,8.1
2020-01-01,KALIMANTAN BARAT,KAB. LANDAK,15.4,51.5,23.5,28.2,98.2,0.0,0.0,84.8,81.0,25.1,50.1,90.1,0.7,45.8,24.1,1.5,72.6,81.2,91.2,77.2,0.0,0.0,0.3,0.1,0.0,0.1,0.0,76.7,31.7,100.0,90.3,80.8,68.6,24.5,63.9,89.7,92.2,91.6,81.2,93.8,70.0,16.0,100.0,28.9,60.5,0.7,1.0,1.8,0.0,90.4,1.3,98.2,66.8,33.2,3.1,66.7,24.8,100.0,0.0,4.0,57.4,57.6,61.1,53.1,1.3
2020-01-01,KALIMANTAN BARAT,KAB. MEMPAWAH,6.7,30.8,12.6,18.1,93.2,0.0,0.0,98.8,98.4,77.6,9.4,66.1,1.3,18.7,8.5,1.1,30.9,94.7,95.1,90.0,9.2,12.0,11.5,1.7,2.2,2.0,1.8,92.3,31.1,91.4,98.5,98.4,97.8,30.3,72.0,97.5,87.7,89.9,92.0,85.7,88.5,14.0,100.0,0.1,0.0,2.1,0.5,0.9,0.6,10.3,5.3,93.2,62.7,37.3,4.5,78.0,43.1,100.0,0.0,24.7,10.6,90.2,81.7,56.9,6.0
2020-01-01,KALIMANTAN BARAT,KAB. SANGGAU,8.3,44.4,18.7,28.5,100.0,0.0,1.0,85.3,88.5,46.0,43.4,100.0,0.1,12.4,5.8,0.9,19.9,85.7,93.9,87.4,2.4,4.4,19.8,0.3,0.4,1.8,2.4,65.1,32.1,78.7,8.9,0.0,0.0,1.4,67.9,47.8,52.9,51.9,85.7,89.5,35.8,9.0,60.0,3.4,24.7,1.4,1.2,0.1,0.7,3.3,0.0,100.0,69.8,30.2,1.6,95.8,20.8,100.0,0.0,1.4,34.0,46.1,65.3,59.3,2.4
2020-01-01,KALIMANTAN BARAT,KAB. KETAPANG,6.3,28.2,11.3,15.8,56.7,0.0,0.0,78.7,72.4,29.0,19.8,45.4,0.5,42.1,15.1,5.3,64.9,74.8,91.0,73.0,5.4,5.9,5.7,0.7,0.6,0.5,0.5,47.5,44.2,74.4,12.6,6.4,3.1,2.5,55.9,77.1,69.1,70.9,72.1,95.8,93.9,16.0,100.0,11.2,68.4,0.8,3.5,2.0,6.1,63.9,100.0,56.7,62.9,37.1,4.5,65.6,36.0,87.5,0.0,3.3,0.5,22.1,57.4,27.6,3.4
2020-01-01,KALIMANTAN BARAT,KAB. SINTANG,13.0,37.9,24.9,32.3,79.4,0.0,0.0,79.3,78.2,66.6,9.5,75.6,0.1,9.8,7.4,0.8,18.4,87.6,86.0,76.9,4.5,4.6,5.3,0.4,0.4,0.5,0.5,66.1,18.9,80.4,16.9,10.3,6.7,3.8,51.9,77.2,62.6,65.8,95.1,90.0,73.3,20.0,33.33,21.6,27.4,0.3,0.5,0.5,0.5,55.5,9.0,79.4,62.7,37.3,0.2,97.7,7.2,100.0,0.0,37.4,6.0,55.5,65.8,35.3,3.2
2020-01-01,KALIMANTAN BARAT,KAB. KAPUAS HULU,12.5,45.4,28.2,34.6,0.0,0.0,0.0,78.7,77.3,58.9,13.3,72.5,0.1,43.9,10.9,4.6,61.8,75.3,79.3,61.6,4.6,4.9,4.0,0.5,0.5,0.6,0.6,65.9,26.5,75.2,79.0,97.1,44.8,20.6,62.8,85.0,78.2,79.5,74.7,87.0,24.7,19.0,100.0,1.9,5.5,0.2,0.0,0.0,0.0,83.5,1.3,0.0,73.5,26.5,1.3,56.4,46.6,100.0,0.0,11.8,69.0,49.6,78.5,47.0,8.5
2020-01-01,KALIMANTAN BARAT,KAB. SEKADAU,14.2,51.4,22.6,32.5,0.0,0.0,0.0,76.3,76.2,60.3,13.9,97.1,0.5,59.8,19.7,7.0,90.4,72.1,85.9,74.2,25.0,19.9,8.2,2.3,1.8,0.9,0.5,45.4,28.7,76.2,0.0,0.0,0.0,0.0,24.7,95.7,79.9,83.0,72.1,83.3,0.0,12.0,100.0,7.7,51.1,0.1,0.0,0.0,0.0,41.6,0.0,0.0,61.5,38.5,0.7,100.0,31.5,0.0,0.0,0.9,14.1,52.9,73.3,42.7,23.0
2020-01-01,KALIMANTAN BARAT,KAB. MELAWI,16.5,55.2,28.1,36.3,100.0,0.0,0.0,75.8,72.5,64.0,0.0,68.4,0.2,54.3,23.5,0.7,79.1,72.4,83.0,74.0,16.2,13.7,9.7,1.6,1.3,1.0,0.6,51.5,51.05,59.1,29.2,22.5,21.7,5.4,24.2,62.5,53.7,55.4,72.5,72.7,49.4,1.0,75.0,5.6,48.5,0.4,0.0,0.0,0.0,36.8,1.3,100.0,59.1,40.9,0.0,26.5,19.2,0.0,0.0,30.3,22.4,61.9,60.4,59.6,11.2
2020-01-01,KALIMANTAN BARAT,KAB. KAYONG UTARA,8.7,37.3,15.8,26.1,0.0,0.0,0.0,81.5,70.1,0.0,87.7,54.5,1.0,66.6,22.1,1.6,91.4,79.4,94.4,73.1,8.4,6.8,5.1,1.2,0.8,0.5,0.2,54.6,51.05,17.3,100.0,82.0,81.9,29.3,43.7,87.1,94.0,92.4,74.1,77.8,26.0,8.0,100.0,22.4,95.4,0.6,2.0,0.0,0.0,51.6,10.0,0.0,68.0,32.0,5.2,87.8,62.5,85.7,0.0,9.1,53.1,23.8,62.5,29.1,0.0
2020-01-01,KALIMANTAN BARAT,KAB. KUBU RAYA,6.6,62.4,10.3,13.4,100.0,1.0,0.0,93.1,91.3,0.0,90.8,61.5,0.8,42.9,15.7,2.5,62.7,88.9,92.7,87.1,22.2,24.5,10.5,3.1,2.9,1.7,1.2,83.6,48.2,76.6,94.4,81.15,67.85,51.5,46.7,92.1,93.6,93.3,88.9,100.0,78.5,20.0,75.0,29.8,100.0,1.0,2.0,1.7,3.2,47.4,9.5,100.0,67.6,32.4,0.4,97.8,23.3,100.0,0.0,5.2,44.7,77.4,73.2,68.7,9.2
2020-01-01,KALIMANTAN BARAT,KOTA PONTIANAK,3.5,42.1,7.1,8.7,3.9,0.0,0.0,96.8,91.7,89.6,1.0,54.5,1.5,41.1,19.0,0.5,65.0,91.1,92.7,90.1,9.0,8.7,8.7,1.0,0.8,0.8,0.5,91.9,48.1,58.0,96.2,81.2,73.8,28.8,95.6,89.3,87.8,88.1,91.1,100.0,100.0,23.0,92.31,25.4,42.3,1.5,0.3,0.3,0.5,67.1,27.1,3.9,63.6,36.4,3.1,89.7,22.8,100.0,0.0,5.4,90.6,71.7,96.8,59.4,26.7
2020-01-01,KALIMANTAN BARAT,KOTA SINGKAWANG,6.5,14.0,15.6,20.2,97.1,0.0,0.0,88.6,86.8,83.8,0.0,44.7,1.0,24.2,16.2,2.7,47.2,84.6,96.2,88.3,0.8,2.6,5.4,0.1,0.4,0.8,0.6,84.2,51.05,46.8,4.8,81.15,67.85,0.6,69.2,77.2,72.3,73.4,83.4,100.0,28.6,10.0,100.0,12.1,61.3,1.8,2.0,0.2,2.7,27.8,1.3,97.1,65.6,34.4,2.9,38.2,24.8,0.0,0.0,15.4,7.1,65.0,32.2,21.7,3.8
2021-01-01,KALIMANTAN BARAT,KAB. SAMBAS,45.0,67.0,100.0,100.0,73.2,1.0,2.0,98.3,97.1,76.2,8.2,96.3,0.9,43.4,16.6,1.3,63.3,94.1,98.2,89.6,6.9,9.8,17.0,1.5,1.7,2.9,2.1,92.7,100.0,86.5,100.0,100.0,89.4,28.2,93.4,90.9,88.8,89.2,93.7,100.0,31.6,23.0,3.0,14.9,97.1,0.2,3.1,0.0,2.3,81.1,12.4,73.2,59.8,40.2,3.1,73.9,29.9,0.0,0.0,3.4,47.06,47.0,85.1,40.6,51.8
2021-01-01,KALIMANTAN BARAT,KAB. BENGKAYANG,100.0,51.4,20.0,100.0,95.3,0.0,0.0,84.3,83.3,65.8,3.6,79.8,1.8,67.0,24.9,2.8,98.7,80.5,91.5,84.9,18.7,15.9,7.3,2.6,2.0,1.1,0.6,77.6,100.0,83.2,87.7,55.3,25.4,16.0,45.1,88.0,74.4,77.2,80.5,100.0,13.5,0.0,2.0,6.9,18.6,0.0,0.0,0.0,0.0,1.5,6.5,95.3,59.6,40.4,3.5,25.9,29.2,0.0,0.0,6.8,47.06,65.5,73.7,52.0,8.9
2021-01-01,KALIMANTAN BARAT,KAB. LANDAK,15.0,53.9,100.0,100.0,100.0,0.0,0.0,89.8,85.4,47.3,44.6,96.4,0.3,44.9,17.2,2.7,66.9,86.6,97.3,84.2,25.8,21.8,12.7,2.4,2.0,1.2,0.8,78.4,100.0,100.0,94.4,78.0,53.8,18.8,69.0,93.8,93.8,93.8,86.6,100.0,27.3,0.0,1.0,16.5,65.1,0.1,0.0,0.0,0.0,95.5,9.3,100.0,69.2,30.8,4.2,32.9,24.4,100.0,100.0,0.3,47.06,48.5,61.4,33.8,0.0
2021-01-01,KALIMANTAN BARAT,KAB. MEMPAWAH,37.0,41.2,81.0,100.0,96.7,0.0,0.0,100.0,100.0,90.0,9.7,79.5,1.2,84.4,29.7,10.2,100.0,99.4,99.3,93.6,10.1,14.3,13.6,1.2,1.5,1.4,1.3,96.9,47.0,89.3,81.9,77.4,50.0,19.0,70.3,90.5,89.5,89.7,99.4,100.0,13.5,10.0,1.0,3.8,33.9,1.6,0.3,1.5,36.6,89.4,14.2,96.7,69.8,30.2,9.3,57.9,35.3,14.3,28.6,13.3,47.06,88.2,81.7,57.2,10.4
2021-01-01,KALIMANTAN BARAT,KAB. SANGGAU,100.0,38.3,100.0,100.0,100.0,1.0,1.0,87.8,87.4,44.5,73.8,75.9,0.3,42.3,19.7,0.9,63.5,84.6,95.8,85.0,100.0,100.0,15.6,9.4,9.4,0.0,0.0,65.7,100.0,85.5,16.8,1.4,0.9,2.0,58.0,69.1,67.8,68.0,84.6,100.0,65.4,12.0,3.0,5.4,14.5,0.6,0.6,0.0,0.2,0.0,0.0,100.0,60.3,39.7,5.8,39.4,7.9,100.0,0.0,1.3,47.06,54.5,66.1,44.2,3.0
2021-01-01,KALIMANTAN BARAT,KAB. KETAPANG,63.0,35.5,100.0,100.0,58.9,0.0,0.0,82.6,76.2,58.2,22.5,66.1,0.1,19.2,5.0,2.6,28.1,79.4,89.5,69.5,15.9,17.4,16.8,1.6,1.8,1.8,1.4,55.9,100.0,69.1,44.3,23.9,5.6,7.7,37.3,67.5,65.3,65.8,76.6,100.0,15.0,13.0,3.0,1.0,4.1,0.0,0.0,0.0,0.0,1.0,3.9,58.9,65.6,34.4,7.3,34.7,21.8,75.0,25.0,15.3,47.06,42.7,59.0,47.0,3.4
2021-01-01,KALIMANTAN BARAT,KAB. SINTANG,100.0,43.2,100.0,100.0,66.8,1.0,1.0,84.2,82.2,65.5,5.4,71.8,0.7,19.9,11.4,4.0,38.0,91.8,89.0,79.8,3.8,4.0,5.0,0.0,0.0,0.0,0.0,80.2,100.0,84.6,21.8,3.5,1.0,2.9,63.2,77.8,70.7,72.2,91.2,95.0,40.0,2.0,2.0,2.7,29.6,0.0,0.0,0.0,0.0,12.0,3.3,66.8,61.8,38.2,3.4,16.1,8.8,0.0,0.0,10.2,47.06,42.1,69.9,28.8,1.2
2021-01-01,KALIMANTAN BARAT,KAB. KAPUAS HULU,100.0,60.9,100.0,100.0,97.85,0.0,0.0,86.4,83.8,64.4,15.1,73.4,1.3,82.4,52.7,2.2,100.0,82.1,84.5,67.7,10.8,13.2,10.5,0.4,0.5,0.5,0.4,75.0,100.0,74.2,88.2,75.3,55.1,70.0,75.6,92.6,81.7,83.8,81.8,100.0,22.8,3.0,3.0,16.8,24.8,0.0,0.0,0.0,0.0,83.6,1.3,97.85,69.6,30.4,4.0,21.6,60.9,75.0,0.0,16.4,47.06,64.3,75.3,56.6,13.1
2021-01-01,KALIMANTAN BARAT,KAB. SEKADAU,100.0,55.5,100.0,100.0,97.85,0.0,0.0,84.8,83.5,84.0,5.1,90.1,0.5,60.7,19.2,7.0,90.9,79.9,90.9,82.4,2.65,3.95,5.85,0.5,0.6,0.8,0.7,53.4,51.05,97.3,0.0,0.0,0.0,1.9,33.3,88.0,77.3,79.3,79.9,100.0,0.0,1.0,1.0,0.4,95.8,0.0,0.0,0.0,0.0,0.0,1.3,97.85,55.8,44.2,4.6,1.5,64.7,88.0,0.0,16.6,47.06,55.1,73.3,30.4,24.1
2021-01-01,KALIMANTAN BARAT,KAB. MELAWI,100.0,30.9,100.0,100.0,97.85,0.0,0.0,79.1,76.5,84.0,5.1,90.1,0.6,57.0,24.2,0.7,83.0,74.6,94.3,82.8,2.65,3.95,5.85,0.5,0.6,0.8,0.7,52.3,51.05,57.9,25.7,17.3,10.0,4.8,27.0,52.1,41.9,44.3,73.8,100.0,48.6,0.0,2.0,5.6,56.0,0.0,0.0,0.0,0.0,3.6,1.3,97.85,62.2,37.8,1.9,40.5,35.5,88.0,0.0,16.6,47.06,56.3,60.6,23.1,50.3
2021-01-01,KALIMANTAN BARAT,KAB. KAYONG UTARA,95.0,31.0,100.0,100.0,97.85,0.0,0.0,92.0,87.3,84.0,5.1,90.1,0.7,59.6,19.3,1.7,81.3,85.8,98.0,78.6,2.65,3.95,5.85,0.5,0.6,0.8,0.7,54.4,51.05,90.3,47.6,34.7,23.0,9.3,96.2,81.8,67.8,70.6,85.8,100.0,26.5,1.0,1.0,27.9,100.0,0.3,2.4,2.4,0.0,64.0,1.3,97.85,70.7,29.3,0.0,13.2,100.0,88.0,0.0,16.6,47.06,16.7,63.6,45.3,2.3
2021-01-01,KALIMANTAN BARAT,KAB. KUBU RAYA,57.0,69.8,79.0,79.0,88.9,0.0,0.0,98.6,95.9,89.8,1.5,79.2,1.8,39.2,26.6,6.8,82.0,94.6,97.1,94.0,34.8,33.7,13.2,3.7,3.2,1.9,1.4,89.4,82.0,96.3,87.4,67.4,22.7,26.6,50.6,91.7,92.6,92.4,94.0,100.0,20.8,0.0,2.0,62.1,81.3,0.0,0.0,0.0,0.0,51.5,9.7,88.9,64.5,35.5,5.9,41.4,12.7,91.3,8.7,1.8,47.06,62.3,87.7,61.0,13.4
2021-01-01,KALIMANTAN BARAT,KOTA PONTIANAK,33.0,42.5,61.0,62.0,100.0,0.0,0.0,100.0,100.0,96.4,0.0,60.2,1.5,43.5,19.4,0.6,68.1,100.0,100.0,100.0,25.3,22.2,20.3,11.5,7.9,7.7,5.9,100.0,51.05,64.5,82.3,67.8,45.7,36.3,100.0,73.9,63.6,65.8,100.0,100.0,59.7,16.0,12.0,20.7,37.8,1.6,0.2,0.3,1.0,58.0,27.1,100.0,63.4,36.6,5.1,36.3,12.9,0.0,0.0,5.4,47.06,69.9,100.0,61.1,26.7
2021-01-01,KALIMANTAN BARAT,KOTA SINGKAWANG,54.0,16.0,100.0,100.0,97.85,0.0,0.0,92.3,87.4,84.0,5.1,90.1,1.5,27.2,16.4,2.9,51.5,88.1,97.7,90.0,2.65,3.95,5.85,0.5,0.6,0.8,0.7,87.8,51.05,50.0,71.6,60.8,24.3,19.7,71.2,67.9,80.6,77.9,87.4,100.0,6.3,5.0,6.0,13.1,65.8,1.5,1.7,0.0,2.8,42.4,1.3,97.85,66.0,34.0,3.2,20.8,30.4,88.0,0.0,16.6,47.06,41.7,70.8,15.6,30.8
2022-01-01,KALIMANTAN BARAT,KAB. SAMBAS,4.44,63.2,14.21,15.67,96.0,0.0,0.0,96.0,94.8,82.8,9.4,100.0,1.0,70.0,26.1,1.4,68.2,91.7,96.6,88.2,6.48,10.73,17.58,1.9,2.4,3.3,2.7,90.9,100.0,94.1,100.0,100.0,94.7,100.0,66.42,89.1,81.5,83.0,91.7,100.0,88.51,24.0,25.0,35.9,98.1,1.8,2.3,0.0,0.8,72.9,0.2,96.0,64.1,35.9,92.2,69.6,21.6,100.0,0.0,2.9,39.9,60.6,97.7,57.05,58.0
2022-01-01,KALIMANTAN BARAT,KAB. BENGKAYANG,9.33,49.6,20.16,21.57,100.0,1.0,0.0,80.7,80.4,59.2,9.0,88.1,2.3,50.7,28.6,12.0,59.2,77.1,90.2,80.7,19.17,15.47,6.83,2.6,2.1,1.0,0.6,74.6,81.5,82.3,100.0,85.8,63.4,74.8,47.3,89.8,78.8,81.0,77.1,88.24,87.91,7.0,100.0,22.8,16.3,3.8,1.9,0.3,1.1,75.9,1.3,100.0,63.0,37.0,79.8,35.5,13.1,0.0,0.0,2.6,84.9,68.2,78.79,57.05,15.3
2022-01-01,KALIMANTAN BARAT,KAB. LANDAK,11.26,58.9,22.49,19.84,96.6,0.0,0.0,97.6,94.4,92.2,3.5,100.0,1.3,58.8,36.2,2.5,97.2,93.2,100.0,95.6,40.43,34.14,21.38,4.5,3.6,2.3,1.2,87.2,42.5,100.0,100.0,81.1,69.7,89.0,56.59,88.4,90.4,89.9,93.2,100.0,48.36,14.0,0.0,22.3,94.4,0.6,0.7,0.0,1.0,71.9,1.3,96.6,66.9,33.1,79.4,42.5,18.3,0.0,0.0,6.9,70.3,56.4,65.98,57.05,1.3
2022-01-01,KALIMANTAN BARAT,KAB. MEMPAWAH,4.04,37.4,8.24,8.07,94.0,0.0,0.0,100.0,100.0,98.2,10.0,84.5,4.0,59.0,23.8,7.7,89.0,100.0,100.0,100.0,8.2,10.89,12.68,1.3,1.6,1.5,1.6,100.0,59.3,100.0,100.0,100.0,86.0,90.0,64.47,86.6,93.4,91.7,100.0,100.0,60.0,14.0,100.0,87.9,86.0,0.2,0.0,1.5,0.0,84.4,1.3,94.0,67.1,32.9,78.9,65.5,17.2,71.4,0.0,15.2,17.5,60.4,88.53,57.05,13.4
2022-01-01,KALIMANTAN BARAT,KAB. SANGGAU,7.95,37.7,14.49,17.48,100.0,0.0,0.0,81.0,82.6,58.3,32.1,90.1,0.3,65.3,25.8,5.2,59.3,82.7,91.2,80.0,0.7,0.8,39.8,0.1,0.1,8.0,4.8,66.0,70.2,85.3,68.6,51.9,41.8,28.6,42.53,69.6,73.7,72.6,82.7,100.0,52.84,13.0,0.0,10.9,37.0,1.0,0.8,0.0,0.0,100.0,0.0,100.0,63.6,36.4,88.5,40.2,10.7,66.7,100.0,58.6,1.7,63.3,74.73,57.05,7.1
2022-01-01,KALIMANTAN BARAT,KAB. KETAPANG,5.65,35.1,15.19,19.37,96.0,0.0,0.0,79.9,66.8,46.2,20.7,68.3,0.8,64.9,22.9,8.4,73.0,75.8,95.2,76.1,13.73,14.67,16.34,3.2,3.4,3.3,2.6,53.4,100.0,86.3,100.0,82.7,78.6,25.9,38.2,66.9,68.7,68.3,74.3,100.0,12.41,19.0,100.0,11.8,71.8,2.0,0.1,1.4,1.9,84.4,1.3,96.0,63.3,36.7,81.4,50.6,27.8,100.0,0.0,20.7,79.3,54.1,77.46,57.05,3.8
2022-01-01,KALIMANTAN BARAT,KAB. SINTANG,10.38,47.5,23.7,27.12,58.4,2.0,0.0,81.4,80.9,67.7,4.6,84.9,0.9,64.5,33.1,0.9,75.4,83.1,83.1,73.2,4.89,7.02,7.23,0.6,0.9,0.9,0.9,72.6,100.0,85.1,51.4,51.1,35.1,13.4,27.36,84.4,87.8,86.7,82.6,100.0,35.03,7.0,28.57,6.1,21.6,2.1,1.3,0.1,0.3,75.9,1.3,58.4,59.3,40.7,88.5,34.8,9.1,0.0,0.0,44.5,22.8,18.1,61.25,57.05,20.6
2022-01-01,KALIMANTAN BARAT,KAB. KAPUAS HULU,9.58,65.4,26.76,31.47,24.0,0.0,1.0,79.9,76.1,54.8,9.5,78.6,1.5,66.4,15.7,11.6,54.4,76.9,83.4,59.1,4.68,4.69,2.72,0.5,0.5,0.3,0.2,70.6,12.2,85.9,100.0,100.0,78.4,93.4,91.95,84.8,81.0,81.8,76.6,100.0,98.47,5.0,0.0,65.1,100.0,0.4,4.2,5.9,0.0,100.0,1.3,24.0,60.8,39.2,72.5,8.1,25.2,23.1,15.4,13.1,54.5,42.0,77.98,57.05,14.9
2022-01-01,KALIMANTAN BARAT,KAB. SEKADAU,10.11,64.2,20.93,21.01,98.0,0.0,0.0,82.4,84.4,65.3,19.9,97.4,0.7,66.2,21.6,7.8,88.8,79.7,90.0,82.6,22.21,18.95,10.36,2.5,2.1,1.2,0.7,57.5,0.0,100.0,76.2,50.9,25.4,14.0,42.16,83.2,76.4,77.8,79.7,100.0,90.94,1.0,0.0,27.1,87.3,0.6,0.7,0.7,0.0,68.2,1.3,98.0,65.1,34.9,88.7,1.4,19.1,0.0,0.0,0.7,22.6,47.7,81.45,57.05,34.5
2022-01-01,KALIMANTAN BARAT,KAB. MELAWI,10.3,31.9,22.29,26.91,100.0,0.0,0.0,68.7,65.0,60.3,5.0,80.9,0.8,72.2,25.5,1.0,78.0,66.2,79.6,73.2,12.39,10.0,6.16,1.5,1.2,0.7,0.5,47.6,0.0,61.6,55.0,18.1,8.7,8.1,46.66,49.3,49.3,49.3,65.7,100.0,59.85,1.0,50.0,22.8,1.1,0.4,0.0,0.0,0.0,49.4,1.3,100.0,62.7,37.3,63.8,22.0,15.8,0.0,100.0,29.0,12.6,29.4,65.38,57.05,12.4
2022-01-01,KALIMANTAN BARAT,KAB. KAYONG UTARA,11.11,23.5,20.82,22.99,97.85,0.0,0.0,80.3,75.9,0.7,73.2,65.3,1.0,75.9,21.5,1.5,100.0,75.8,91.3,67.1,23.26,15.98,10.46,3.7,2.2,1.3,0.5,57.8,0.0,67.6,81.1,65.0,55.5,20.1,67.2,81.2,58.9,62.9,75.8,100.0,100.0,2.0,0.0,15.6,100.0,1.3,0.9,0.9,0.0,85.7,1.3,97.85,66.4,33.6,86.6,26.9,22.1,7.3,0.0,11.8,57.5,26.1,81.33,57.05,2.4
2022-01-01,KALIMANTAN BARAT,KAB. KUBU RAYA,3.66,72.6,7.29,6.83,99.8,0.0,0.0,96.6,95.1,91.5,0.5,68.3,1.1,68.9,24.3,4.0,53.4,92.1,96.3,90.7,36.44,34.16,18.76,5.4,4.8,2.8,2.1,84.4,100.0,96.1,100.0,64.5,35.9,66.4,50.85,92.9,79.0,82.8,91.9,100.0,99.19,17.0,25.0,75.5,80.5,0.9,0.7,1.3,0.4,75.9,0.1,99.8,64.6,35.4,88.7,59.5,12.2,39.0,0.0,4.7,64.6,51.2,72.81,57.05,21.2
2022-01-01,KALIMANTAN BARAT,KOTA PONTIANAK,3.49,47.7,7.49,7.3,100.0,0.0,0.0,100.0,100.0,100.0,0.3,73.1,2.3,64.6,27.6,0.9,68.6,100.0,100.0,100.0,16.62,16.05,15.95,2.6,1.9,1.7,1.1,100.0,0.0,73.3,87.1,71.4,49.1,76.8,100.0,65.0,65.0,65.0,100.0,100.0,93.88,18.0,23.08,33.3,58.0,2.6,0.1,0.3,1.0,75.9,1.3,100.0,61.6,38.4,88.9,43.8,49.3,5.7,0.0,10.4,75.0,92.4,21.65,57.05,75.9
2022-01-01,KALIMANTAN BARAT,KOTA SINGKAWANG,7.67,17.2,15.36,14.45,100.0,2.0,0.0,87.5,86.0,56.7,0.0,41.6,2.9,53.7,30.4,6.1,57.0,83.5,92.9,86.6,0.87,2.91,3.86,0.2,0.9,2.7,0.5,82.8,100.0,55.2,100.0,96.0,67.1,42.3,60.57,70.4,75.4,74.4,83.5,100.0,97.47,6.0,57.14,13.4,62.1,2.5,9.0,0.1,2.2,75.9,100.0,100.0,66.4,33.6,78.7,23.4,17.1,0.0,14.3,23.3,47.06,67.7,14.42,57.05,34.6
2023-01-01,KALIMANTAN BARAT,Kab. Sambas,5.3,68.6,16.8,15.8,99.9,0.0,2.0,89.8,88.5,82.3,2.6,89.2,1.4,72.1,23.5,1.4,65.0,85.9,85.3,81.6,6.2,10.5,15.6,2.2,1.5,2.4,2.3,85.7,55.0,86.7,97.8,87.6,77.2,94.6,63.7,93.8,85.5,87.2,86.8,100.0,0.0,28.0,100.0,47.2,100.0,0.2,5.6,1.1,0.6,100.0,0.1,99.9,62.1,37.9,1.9,60.3,19.5,100.0,0.0,2.5,43.4,61.8,97.98,47.5,55.9
2023-01-01,KALIMANTAN BARAT,Kab. Bengkayang,8.5,50.9,18.7,17.4,98.7,0.0,0.0,84.4,82.9,56.4,10.2,79.5,3.8,58.5,23.2,7.2,95.5,80.6,94.2,87.0,14.2,12.5,7.6,2.1,1.6,1.1,0.8,79.1,41.1,88.8,96.1,95.5,83.8,100.0,34.8,86.7,79.6,81.1,98.8,100.0,12.0,17.0,100.0,45.3,100.0,1.6,1.9,0.0,1.8,96.8,1.3,98.7,68.6,31.4,1.5,60.0,47.9,0.0,0.0,5.5,67.8,57.6,79.48,49.8,20.16
2023-01-01,KALIMANTAN BARAT,Kab. Landak,9.9,65.7,20.6,19.9,72.1,0.0,1.0,87.1,84.0,84.5,4.5,96.9,0.5,68.9,22.4,3.8,66.7,83.2,92.4,82.5,30.7,28.6,17.0,3.3,2.7,1.7,1.2,78.3,46.7,100.0,95.7,92.2,72.4,94.3,53.9,92.4,94.2,93.7,99.9,100.0,56.0,14.0,100.0,2.4,100.0,0.6,15.2,0.0,0.6,83.8,1.3,72.1,66.1,33.9,3.2,51.2,16.8,88.0,0.0,16.9,70.3,56.4,65.98,44.4,1.28
2023-01-01,KALIMANTAN BARAT,Kab. Mempawah,4.4,50.8,10.7,10.3,83.3,0.0,0.0,99.1,98.3,52.6,4.6,73.9,0.9,62.8,22.5,8.2,79.5,95.8,98.1,93.1,9.7,11.0,11.3,1.8,1.8,1.9,1.7,93.5,72.9,98.6,97.4,99.4,81.1,97.3,68.6,84.0,88.9,87.9,99.2,100.0,1.0,14.0,100.0,75.9,100.0,0.5,4.0,0.0,7.2,75.9,0.1,83.3,68.8,31.2,6.3,32.7,22.2,100.0,0.0,23.8,5.0,65.2,88.55,62.9,16.42
2023-01-01,KALIMANTAN BARAT,Kab. Sanggau,8.3,33.9,16.9,20.2,94.7,1.0,0.0,84.3,81.5,50.5,24.2,75.8,0.4,67.0,31.0,1.0,88.5,79.8,84.7,73.7,0.7,0.8,34.7,0.1,0.1,3.3,3.5,66.4,10.9,84.9,48.5,70.1,60.8,22.6,42.5,64.8,54.5,56.6,86.6,100.0,70.0,19.0,75.0,3.5,29.8,0.0,0.0,0.0,5.0,58.8,0.0,94.7,63.7,36.3,3.4,61.8,15.4,0.0,0.0,12.8,33.7,16.9,78.63,17.5,6.51
2023-01-01,KALIMANTAN BARAT,Kab. Ketapang,5.9,32.3,15.9,19.3,98.4,0.0,0.0,83.9,77.6,49.3,13.5,67.3,0.9,67.9,14.3,12.1,55.0,79.7,91.4,75.8,9.6,11.4,10.7,1.1,1.3,1.1,0.9,59.6,58.3,87.0,91.5,80.9,83.5,66.8,51.8,69.5,62.3,63.8,98.6,100.0,100.0,24.0,100.0,20.4,89.3,0.9,3.3,1.8,1.1,90.4,0.1,98.4,60.4,39.6,2.8,46.0,38.3,0.0,40.0,48.6,33.8,42.3,72.92,33.5,4.58
2023-01-01,KALIMANTAN BARAT,Kab. Sintang,8.9,56.7,22.7,25.9,71.2,2.0,0.0,78.7,76.5,62.9,3.6,70.7,1.7,56.0,26.1,10.8,70.6,81.3,85.4,76.7,2.9,3.9,5.4,0.3,0.5,0.6,0.6,72.5,35.2,88.8,68.4,61.2,43.8,14.6,27.7,87.0,79.1,81.4,89.7,100.0,100.0,18.0,42.86,5.2,25.8,0.4,0.4,0.0,2.5,79.3,0.0,71.2,64.7,35.3,1.6,59.6,6.5,66.7,0.0,13.3,5.8,57.8,67.58,38.3,26.29
2023-01-01,KALIMANTAN BARAT,Kab. Kapuas Hulu,8.5,61.8,26.1,33.0,100.0,0.0,0.0,82.5,80.7,57.9,8.8,79.0,0.9,61.2,34.3,2.6,93.8,78.9,74.9,61.0,2.1,2.3,5.9,0.2,0.2,0.6,0.3,72.1,41.7,83.2,90.7,99.9,63.2,97.2,100.0,85.6,84.1,84.4,95.4,100.0,12.0,10.0,33.33,6.0,25.8,2.2,0.8,0.0,0.3,100.0,0.0,100.0,65.3,34.7,3.4,57.3,18.5,0.0,0.0,41.0,25.9,49.0,82.25,39.4,18.79
2023-01-01,KALIMANTAN BARAT,Kab. Sekadau,8.9,59.3,18.9,19.2,87.4,0.0,1.0,79.1,79.2,53.4,18.6,86.2,0.4,70.1,21.4,6.3,47.7,75.4,85.4,77.4,14.3,12.2,5.8,1.6,1.2,0.7,0.4,53.9,24.6,94.8,85.0,74.0,74.7,50.8,38.6,86.9,69.4,72.8,99.5,100.0,9.0,2.0,100.0,3.8,42.5,0.7,20.4,0.9,0.8,86.8,0.0,87.4,74.5,25.5,1.0,59.6,9.3,88.0,0.0,0.7,24.7,66.7,88.01,49.8,51.06
2023-01-01,KALIMANTAN BARAT,Kab. Melawi,9.3,36.6,20.3,24.2,87.8,1.0,1.0,71.9,68.3,67.1,0.0,77.8,0.7,71.0,26.2,1.3,66.1,73.9,86.1,76.9,7.6,6.6,5.6,0.8,0.7,0.6,0.5,50.5,44.1,81.7,64.7,47.2,41.8,26.9,39.5,55.5,44.1,46.3,99.6,100.0,40.0,11.0,75.0,10.1,75.7,0.1,0.0,0.0,0.9,55.9,0.1,87.8,66.5,33.5,1.7,46.3,19.4,88.0,0.0,7.1,10.8,70.4,85.97,12.8,14.79
2023-01-01,KALIMANTAN BARAT,Kab. Kayong Utara,8.1,38.1,17.4,20.0,100.0,0.0,0.0,80.1,73.8,16.7,42.8,44.0,1.4,73.0,17.3,6.0,100.0,73.4,88.3,70.9,15.5,12.1,4.8,2.1,1.4,0.5,0.3,61.4,0.0,91.8,86.6,92.8,80.8,43.4,45.5,85.4,86.2,86.1,99.6,100.0,0.0,11.0,100.0,23.2,100.0,1.3,2.6,2.1,0.4,100.0,0.0,100.0,56.9,43.1,3.9,40.2,29.0,100.0,0.0,16.8,60.8,20.0,88.58,23.6,13.95
2023-01-01,KALIMANTAN BARAT,Kab. Kubu Raya,4.5,62.6,9.5,8.8,93.3,0.0,0.0,100.0,100.0,89.8,0.2,67.8,1.0,71.1,22.2,3.7,43.4,96.1,97.8,95.3,18.6,20.6,7.0,2.3,2.4,1.1,0.8,94.5,64.1,91.3,100.0,83.8,48.1,84.3,56.4,85.9,83.6,84.1,95.1,100.0,0.0,21.0,100.0,81.2,87.7,0.1,2.9,7.4,0.9,92.3,1.3,93.3,62.0,38.0,1.7,52.4,32.3,88.5,11.5,10.6,18.5,63.2,83.71,59.2,26.56
2023-01-01,KALIMANTAN BARAT,Kota Pontianak,2.7,48.6,7.0,7.0,100.0,0.0,0.0,100.0,99.5,92.4,0.2,70.4,2.3,64.6,26.8,1.0,68.6,99.4,98.3,98.2,6.2,7.5,7.5,1.0,0.9,0.8,0.5,99.4,22.4,65.7,100.0,95.7,81.7,94.8,98.5,63.7,70.6,69.2,54.9,100.0,6.0,23.0,53.33,44.6,72.2,5.7,0.1,0.1,8.1,76.0,0.1,100.0,61.7,38.3,1.2,45.3,22.2,0.0,0.0,13.3,100.0,95.6,99.53,71.8,75.86
2023-01-01,KALIMANTAN BARAT,Kota Singkawang,7.0,19.9,17.0,14.8,100.0,0.0,0.0,86.5,84.8,76.6,0.0,42.9,3.1,50.1,26.5,5.6,67.0,82.6,87.0,80.4,1.1,2.6,3.3,0.2,0.8,0.8,0.8,81.9,60.5,52.1,89.4,95.5,97.6,73.7,57.5,63.7,60.6,61.3,100.0,100.0,2.0,10.0,71.43,5.9,32.8,7.9,2.2,0.4,19.9,67.9,0.1,100.0,67.2,32.8,0.4,46.6,46.6,50.0,50.0,30.4,0.0,43.8,7.59,32.3,50.0
2020-01-01,BALI,JEMBRANA,1.0,59.3,1.7,2.3,95.1,2.0,0.0,100.0,100.0,100.0,6.0,97.1,3.1,53.6,7.6,10.8,81.5,100.0,100.0,98.1,0.0,0.0,0.0,0.0,0.0,0.0,0.0,100.0,29.3,84.5,96.5,0.0,0.0,15.6,68.4,98.0,96.8,97.0,100.0,100.0,100.0,12.0,55.24,43.3,97.9,5.7,1.5,0.0,0.0,50.7,0.0,95.1,68.1,31.9,4.6,79.0,50.4,100.0,0.0,52.6,47.06,93.6,82.25,100.0,21.6
2020-01-01,BALI,TABANAN,2.9,54.7,3.3,8.0,100.0,0.0,0.0,100.0,99.6,73.5,12.5,89.8,2.5,41.3,8.5,1.7,84.2,95.7,97.0,92.2,0.0,0.0,0.0,0.0,0.0,0.0,0.0,95.7,38.2,79.5,97.8,38.6,18.9,53.9,85.5,100.0,100.0,100.0,95.7,100.0,47.0,12.0,54.28,10.6,100.0,2.0,1.5,0.0,0.2,59.9,0.0,100.0,69.0,31.0,7.3,77.8,54.6,100.0,0.0,67.9,47.06,82.5,82.25,100.0,21.1
2020-01-01,BALI,BADUNG,2.3,51.6,2.2,6.1,99.8,0.0,0.0,100.0,99.0,81.4,11.3,97.8,3.1,46.2,7.8,1.7,53.7,94.7,96.6,92.1,0.0,0.0,0.6,0.0,0.0,0.1,0.8,94.7,44.4,100.0,99.9,34.7,15.0,19.8,70.0,100.0,100.0,100.0,94.7,100.0,98.6,12.0,53.81,81.5,90.4,6.1,0.6,0.0,0.7,100.0,1.0,99.8,59.0,41.0,3.7,91.3,30.1,100.0,0.0,30.9,47.06,91.8,82.25,100.0,100.0
2020-01-01,BALI,GIANYAR,2.0,83.0,2.5,4.8,97.7,0.0,0.0,100.0,99.5,100.0,2.2,98.7,3.1,29.0,14.0,1.9,80.8,86.9,92.4,88.4,0.0,0.0,0.0,0.0,0.0,0.0,0.6,87.0,46.3,86.7,46.7,47.3,55.8,86.8,98.5,100.0,100.0,100.0,86.9,100.0,99.6,12.0,53.57,21.0,74.3,3.9,3.1,0.3,0.3,79.1,1.2,97.7,50.9,49.1,4.1,80.6,37.3,100.0,0.0,26.6,47.06,80.0,82.25,100.0,64.3
2020-01-01,BALI,KLUNGKUNG,2.6,64.5,4.7,7.3,91.1,1.0,0.0,100.0,100.0,100.0,7.2,100.0,3.5,31.6,11.7,7.0,84.3,100.0,100.0,100.0,0.0,0.0,0.0,0.0,0.0,0.0,0.0,100.0,30.3,80.5,95.6,60.8,62.9,98.4,90.0,100.0,100.0,100.0,100.0,100.0,59.5,12.0,53.45,46.2,81.2,9.8,0.7,0.0,0.2,90.9,2.4,91.1,63.5,36.5,4.9,95.8,67.5,100.0,0.0,96.7,47.06,73.9,82.25,100.0,79.7
2020-01-01,BALI,BANGLI,1.4,60.7,2.8,6.3,96.6,0.0,0.0,100.0,100.0,100.0,2.8,100.0,1.6,42.4,8.0,3.3,87.2,97.9,100.0,90.2,0.0,0.0,0.0,0.0,0.0,0.0,2.3,97.9,54.9,98.6,76.2,41.8,41.4,18.5,58.6,99.4,98.6,98.8,97.3,100.0,86.0,12.0,53.39,7.8,35.9,1.5,2.7,0.0,0.2,74.6,1.7,96.6,66.7,33.3,8.1,39.5,100.0,0.0,0.0,12.5,47.06,50.0,82.25,73.0,20.8
2020-01-01,BALI,KARANGASEM,3.5,66.8,5.8,10.8,99.3,0.0,0.0,100.0,100.0,100.0,1.8,100.0,3.1,37.1,9.5,4.8,78.0,100.0,100.0,95.4,0.3,0.6,16.3,0.0,0.1,1.6,2.8,100.0,34.2,100.0,73.3,32.1,36.0,43.3,65.5,99.2,99.2,99.2,100.0,100.0,45.1,12.0,53.36,51.1,86.2,4.0,0.7,0.2,0.0,83.7,2.2,99.3,60.9,39.1,11.3,88.3,39.1,92.3,7.7,80.4,47.06,70.0,82.25,100.0,17.9
2020-01-01,BALI,BULELENG,2.4,58.4,3.7,7.2,97.5,1.0,0.0,100.0,99.5,100.0,1.5,100.0,6.6,45.3,10.6,3.3,79.6,100.0,100.0,99.4,0.0,0.0,0.0,0.0,0.0,0.0,0.8,100.0,41.5,100.0,63.4,14.8,9.3,12.3,100.0,95.3,92.4,92.9,100.0,100.0,78.5,12.0,53.37,16.2,73.3,2.9,1.9,0.2,0.4,28.6,1.4,97.5,61.4,38.6,10.6,64.7,42.1,100.0,0.0,38.2,47.06,91.8,82.25,100.0,16.9
2020-01-01,BALI,KOTA DENPASAR,0.7,62.4,0.8,1.5,100.0,0.0,0.0,98.5,97.6,82.9,11.4,95.4,5.4,34.9,11.7,3.0,45.0,98.7,98.3,96.7,0.0,0.0,0.0,0.0,0.0,0.0,9.7,98.7,49.2,76.8,92.5,95.5,96.1,96.1,88.5,99.7,99.3,99.4,97.1,100.0,45.3,12.0,53.37,8.8,50.4,3.4,1.5,0.0,0.6,47.5,2.1,100.0,58.6,41.4,9.0,59.4,33.0,100.0,0.0,44.7,47.06,78.4,82.25,100.0,93.0
2021-01-01,BALI,JEMBRANA,0.7,100.0,1.3,1.6,97.3,1.0,0.0,99.9,99.0,100.0,6.0,93.4,3.1,53.2,7.3,11.4,82.0,100.0,92.4,83.6,0.0,0.0,0.0,0.5,0.6,0.8,0.7,100.0,26.1,93.8,90.8,82.6,91.7,58.6,100.0,95.0,93.3,93.7,100.0,100.0,99.7,4.0,53.36,61.2,100.0,5.8,0.6,0.1,0.0,55.8,2.5,97.3,62.4,37.6,12.1,76.1,23.8,100.0,0.0,81.9,47.06,70.0,98.77,22.68,23.53
2021-01-01,BALI,TABANAN,2.4,100.0,2.9,4.0,100.0,0.0,0.0,100.0,100.0,86.9,8.0,100.0,2.8,42.2,9.7,1.7,80.5,97.1,92.4,83.6,0.0,0.0,0.0,0.5,0.6,0.8,0.7,97.1,35.6,99.8,98.4,92.7,79.2,81.2,100.0,100.0,100.0,100.0,97.4,100.0,65.2,20.0,53.36,41.8,100.0,3.7,4.9,0.0,0.0,61.4,1.6,100.0,59.1,40.9,14.5,29.2,33.6,100.0,0.0,33.5,47.06,77.9,98.08,71.8,28.57
2021-01-01,BALI,BADUNG,0.8,100.0,1.7,1.6,98.3,0.0,0.0,84.8,84.8,100.0,11.9,100.0,3.4,50.4,9.3,1.6,91.5,80.4,92.4,83.6,0.0,0.0,0.0,0.5,0.6,0.8,0.7,80.6,36.8,94.1,99.9,99.0,95.4,22.2,100.0,97.9,100.0,99.5,80.2,100.0,99.8,13.0,53.36,96.3,96.9,6.4,0.2,0.0,0.5,100.0,1.9,98.3,62.2,37.8,6.4,74.7,18.7,100.0,0.0,2.9,47.06,23.5,100.0,14.3,100.0
2021-01-01,BALI,GIANYAR,2.0,100.0,2.6,2.8,98.6,0.0,0.0,91.6,90.1,100.0,2.5,91.7,3.3,27.7,13.5,1.9,79.8,87.2,92.4,83.6,0.0,0.0,0.0,0.5,0.6,0.8,0.7,87.3,42.6,88.3,51.5,71.4,93.1,51.5,100.0,100.0,100.0,100.0,87.2,100.0,99.6,13.0,53.36,35.6,73.5,5.6,1.6,0.1,0.2,80.3,2.6,98.6,66.5,33.5,10.2,51.9,34.2,100.0,0.0,1.1,47.06,72.7,99.87,66.4,77.14
2021-01-01,BALI,KLUNGKUNG,2.4,100.0,4.8,5.1,99.3,0.0,0.0,100.0,100.0,100.0,5.1,100.0,3.4,32.4,11.0,7.9,86.8,100.0,92.4,83.6,0.0,0.0,0.0,0.5,0.6,0.8,0.7,100.0,28.3,100.0,100.0,100.0,100.0,100.0,100.0,100.0,100.0,100.0,100.0,100.0,100.0,9.0,53.36,61.3,98.5,4.2,0.2,0.2,0.0,93.7,5.5,99.3,55.4,44.6,9.6,85.1,74.7,100.0,0.0,52.0,47.06,88.1,97.22,92.18,81.36
2021-01-01,BALI,BANGLI,1.2,100.0,3.0,4.6,96.1,0.0,0.0,100.0,100.0,100.0,1.6,100.0,1.3,36.5,6.9,3.8,80.7,97.5,92.4,83.6,0.0,0.0,0.0,0.5,0.6,0.8,0.7,97.5,52.9,100.0,97.8,98.9,99.8,60.2,100.0,99.9,99.9,99.9,89.9,100.0,77.8,2.0,53.36,11.3,31.7,2.1,0.7,0.1,0.1,67.9,1.3,96.1,70.0,30.0,10.8,0.0,28.7,0.0,0.0,2.1,47.06,97.9,92.18,90.53,20.83
2021-01-01,BALI,KARANGASEM,3.3,100.0,7.0,10.1,97.6,0.0,0.0,100.0,100.0,100.0,1.9,100.0,3.2,37.4,9.2,5.6,72.2,100.0,92.4,83.6,0.5,0.6,12.4,0.5,0.6,0.8,0.7,100.0,38.1,100.0,98.2,42.6,43.6,77.0,100.0,95.6,92.2,93.0,100.0,100.0,45.4,12.0,53.36,59.9,91.3,2.8,0.1,0.3,0.4,90.8,1.3,97.6,57.5,42.5,14.4,56.7,26.6,50.0,18.8,78.1,47.06,91.4,91.33,79.83,28.21
2021-01-01,BALI,BULELENG,2.2,100.0,3.4,2.9,99.2,1.0,0.0,100.0,100.0,100.0,1.8,100.0,6.2,46.9,9.5,3.3,83.6,100.0,92.4,83.6,0.0,0.0,0.0,0.5,0.6,0.8,0.7,100.0,40.6,100.0,80.7,59.9,25.4,30.1,100.0,93.8,94.7,94.5,100.0,100.0,77.2,4.0,53.36,61.7,83.1,2.6,1.5,0.3,0.0,45.2,0.1,99.2,63.7,36.3,10.9,59.1,32.5,100.0,0.0,16.2,47.06,69.0,95.72,65.28,22.3
2021-01-01,BALI,KOTA DENPASAR,0.3,100.0,0.5,0.3,100.0,0.0,0.0,100.0,100.0,84.2,7.3,100.0,5.1,36.7,11.3,4.6,49.6,97.7,92.4,83.6,0.0,0.0,0.0,0.5,0.6,0.8,0.7,97.8,55.4,89.3,98.4,95.5,93.6,99.5,100.0,99.6,97.0,97.6,96.0,100.0,68.85,11.0,53.36,52.7,100.0,2.5,1.0,0.0,0.0,38.2,8.1,100.0,60.6,39.4,10.9,39.3,18.7,100.0,0.0,30.9,47.06,33.3,99.98,58.9,97.67
2022-01-01,BALI,JEMBRANA,1.3,0.0,3.0,3.0,92.4,2.0,0.0,99.8,98.9,100.0,5.1,100.0,3.1,52.4,7.4,12.5,82.3,93.2,91.1,84.6,0.1,0.1,0.1,0.0,0.0,0.0,0.1,93.2,100.0,98.8,100.0,99.9,100.0,84.8,98.4,91.4,85.7,86.9,93.2,100.0,99.7,10.0,53.36,99.7,100.0,13.3,0.5,0.1,0.2,69.9,0.03,92.4,63.2,36.8,12.2,10.1,31.4,100.0,0.0,19.9,3.6,100.0,100.0,91.8,45.1
2022-01-01,BALI,TABANAN,2.2,0.0,3.3,2.8,99.1,0.0,0.0,100.0,98.3,96.9,3.0,100.0,3.7,38.3,9.4,2.9,75.5,84.0,87.2,83.3,0.0,0.0,0.4,0.0,0.0,0.0,0.0,84.0,100.0,100.0,99.6,99.9,91.3,98.0,84.5,100.0,100.0,100.0,82.2,100.0,63.6,20.0,53.36,19.0,100.0,5.4,2.2,0.1,0.3,70.8,0.0,99.1,55.0,45.0,17.5,64.1,45.1,100.0,0.0,100.0,80.6,84.9,96.38,47.6,34.6
2022-01-01,BALI,BADUNG,0.7,0.0,2.0,1.5,99.5,0.0,0.0,100.0,100.0,100.0,8.4,97.4,4.9,37.8,12.0,1.6,83.4,69.8,82.3,73.2,0.0,0.0,0.2,0.0,0.0,0.0,0.1,69.8,100.0,89.6,98.9,100.0,99.6,99.1,71.5,99.6,97.3,97.8,69.6,100.0,97.5,13.0,53.36,99.9,99.7,9.0,0.4,0.0,1.3,100.0,0.02,99.5,59.0,41.0,5.6,71.6,22.5,0.0,0.0,100.0,91.3,78.8,100.0,84.5,100.0
2022-01-01,BALI,GIANYAR,1.8,0.0,3.4,3.2,98.6,2.0,0.0,100.0,99.3,100.0,1.7,95.5,4.1,27.5,14.3,1.8,81.0,75.8,81.0,75.9,0.0,0.0,0.0,0.0,0.0,0.0,0.5,75.8,100.0,86.2,100.0,100.0,100.0,99.3,84.0,100.0,100.0,100.0,75.8,100.0,100.0,13.0,53.36,41.3,100.0,6.7,4.6,0.0,0.3,100.0,0.04,98.6,59.3,40.7,7.9,60.9,36.1,100.0,0.0,57.2,69.2,53.3,99.96,67.6,88.6
2022-01-01,BALI,KLUNGKUNG,1.9,0.0,5.1,5.4,96.4,2.0,0.0,100.0,100.0,99.7,1.7,100.0,3.7,35.5,10.2,8.0,85.5,92.4,94.9,90.8,0.0,0.0,1.9,0.0,0.0,0.2,0.9,92.4,100.0,100.0,100.0,100.0,100.0,100.0,76.6,100.0,100.0,100.0,92.4,100.0,100.0,9.0,53.36,100.0,100.0,20.3,1.7,0.2,0.8,100.0,0.0,96.4,55.8,44.2,4.5,79.5,77.5,100.0,0.0,40.5,100.0,18.8,99.66,5.7,88.1
2022-01-01,BALI,BANGLI,1.2,0.0,3.6,4.5,95.1,0.0,0.0,99.9,98.8,97.8,1.1,99.5,1.7,42.6,6.6,3.5,94.8,89.5,89.3,81.2,0.0,0.0,0.0,0.0,0.0,0.0,2.1,89.5,100.0,100.0,93.9,97.9,98.2,87.8,72.7,100.0,97.9,98.4,89.5,100.0,77.8,12.0,53.36,17.6,79.7,2.8,0.9,0.0,0.0,73.7,0.02,95.1,72.5,27.5,11.5,28.0,19.6,100.0,0.0,56.7,37.9,50.0,96.64,16.6,76.4
2022-01-01,BALI,KARANGASEM,2.3,0.0,5.0,7.0,94.3,0.0,0.0,100.0,98.3,98.0,1.0,98.6,3.7,35.6,9.6,5.8,73.6,95.6,96.3,84.3,0.1,0.0,11.5,0.0,0.0,1.1,2.1,95.3,100.0,100.0,98.9,98.8,83.3,95.8,62.7,95.6,95.3,95.4,95.6,100.0,42.7,12.0,53.36,54.4,100.0,4.9,0.1,0.2,0.1,92.1,0.02,94.3,60.4,39.6,8.8,64.8,29.1,83.3,0.0,5.7,97.1,11.1,91.74,22.6,37.2
2022-01-01,BALI,BULELENG,2.2,0.0,4.8,4.2,92.7,1.0,0.0,100.0,99.4,100.0,1.0,100.0,4.9,48.9,9.2,3.8,80.0,95.6,96.3,86.9,0.0,0.0,0.0,0.0,0.0,0.0,0.3,95.7,100.0,100.0,98.4,99.6,69.3,98.4,100.0,97.3,95.6,96.1,95.6,100.0,71.9,20.0,53.36,77.7,100.0,5.2,1.1,0.1,0.2,100.0,0.01,92.7,63.2,36.8,13.3,50.2,32.5,100.0,0.0,100.0,85.3,92.5,93.34,62.5,40.5
2022-01-01,BALI,KOTA DENPASAR,0.3,0.0,0.9,0.7,98.0,0.0,0.0,99.9,99.3,87.1,11.7,98.3,5.8,37.6,11.0,5.0,55.2,100.0,99.9,98.6,0.0,0.0,0.0,0.0,0.0,0.0,0.0,100.0,100.0,97.2,97.6,97.7,97.8,99.7,93.1,99.6,98.8,99.0,99.7,100.0,87.6,11.0,53.36,100.0,100.0,100.0,1.3,0.0,0.1,100.0,0.06,98.0,58.5,41.5,9.6,63.9,47.5,100.0,0.0,59.8,34.1,91.5,99.99,94.4,97.7
2023-01-01,BALI,Jembrana,1.3,68.2,4.4,5.1,100.0,2.0,1.0,99.9,99.1,100.0,5.1,100.0,2.8,46.9,6.8,14.7,87.1,91.8,62.6,81.0,0.0,0.0,0.0,0.0,0.0,0.0,0.0,91.8,100.0,95.7,100.0,99.8,100.0,99.9,100.0,92.1,90.0,90.5,91.8,100.0,99.7,10.0,53.36,100.0,100.0,18.7,0.9,0.1,0.3,83.6,2.3,100.0,63.0,37.0,6.4,93.5,52.3,41.7,41.7,94.9,47.06,100.0,99.78,96.19,90.2
2023-01-01,BALI,Tabanan,1.7,87.9,3.4,3.2,100.0,1.0,1.0,100.0,99.1,100.0,1.7,100.0,2.7,39.4,10.2,1.8,81.6,85.1,86.9,82.6,0.0,0.0,20.2,0.0,0.0,1.2,3.2,85.1,100.0,100.0,99.9,99.8,100.0,99.6,81.0,100.0,99.7,99.7,84.9,100.0,96.3,20.0,53.36,42.6,100.0,7.5,2.3,0.2,1.0,78.1,0.0,100.0,59.8,40.2,9.3,81.2,47.0,100.0,0.0,63.0,97.01,58.9,99.84,65.26,96.24
2023-01-01,BALI,Badung,0.8,79.3,2.8,2.2,99.7,0.0,0.0,100.0,100.0,100.0,5.9,100.0,6.7,47.5,10.3,2.2,61.8,79.0,53.3,77.9,0.1,1.4,1.8,0.0,0.1,0.1,0.4,79.0,100.0,96.9,99.7,100.0,100.0,99.5,100.0,100.0,100.0,100.0,78.9,100.0,88.6,13.0,53.36,99.8,99.7,13.1,0.6,0.1,3.0,100.0,3.1,99.7,58.9,41.1,6.6,71.5,36.7,88.0,0.0,80.6,91.49,85.3,98.78,86.64,100.0
2023-01-01,BALI,Gianyar,1.5,92.2,3.3,4.1,96.3,1.0,0.0,100.0,98.7,100.0,0.0,100.0,4.7,26.5,16.2,1.8,68.0,76.6,83.2,77.5,0.0,0.9,2.0,0.0,0.1,0.2,3.8,76.7,100.0,80.5,100.0,100.0,100.0,100.0,82.0,100.0,100.0,100.0,76.7,100.0,100.0,13.0,53.36,89.0,100.0,7.7,3.2,0.2,0.2,100.0,4.2,96.3,53.0,47.0,8.8,71.3,44.4,100.0,0.0,33.4,97.56,46.2,99.83,70.84,97.14
2023-01-01,BALI,Klungkung,2.1,92.1,5.2,4.8,84.2,3.0,0.0,100.0,98.9,100.0,2.0,100.0,2.9,35.2,11.1,9.5,75.6,91.7,88.8,90.6,0.0,0.1,16.4,0.0,0.0,1.4,2.1,91.7,100.0,100.0,100.0,100.0,100.0,100.0,79.0,100.0,100.0,100.0,91.7,100.0,100.0,9.0,53.36,100.0,100.0,25.1,1.5,0.1,0.7,100.0,7.9,84.2,58.9,41.1,5.1,79.7,80.0,92.9,7.1,66.7,68.75,25.0,99.71,57.73,91.53
2023-01-01,BALI,Bangli,1.5,81.7,3.7,4.8,100.0,0.0,0.0,99.8,99.8,100.0,2.7,100.0,1.9,41.6,9.6,5.3,83.3,82.9,56.1,75.6,0.0,0.3,0.7,0.0,0.0,0.1,1.2,82.9,100.0,100.0,95.4,97.3,99.5,95.8,80.0,99.4,99.4,99.4,83.7,100.0,100.0,12.0,53.36,100.0,100.0,2.6,1.3,0.7,0.7,100.0,1.4,100.0,69.5,30.5,9.9,37.5,28.4,0.0,0.0,37.7,38.41,50.0,97.26,28.99,91.78
2023-01-01,BALI,karangasem,2.2,74.1,5.0,6.7,86.7,0.0,0.0,100.0,100.0,100.0,2.1,100.0,4.8,33.8,9.0,6.1,72.4,89.4,67.3,84.1,1.3,2.2,13.7,0.1,0.2,0.5,1.7,89.4,100.0,100.0,100.0,96.6,99.3,98.5,83.0,99.5,97.9,98.2,89.4,100.0,100.0,12.0,53.36,100.0,100.0,44.3,0.3,0.2,0.1,95.3,2.5,86.7,66.5,33.5,10.8,83.3,42.7,0.0,0.0,100.0,82.46,9.1,94.41,24.59,52.56
2023-01-01,BALI,Buleleng,2.2,79.6,4.8,3.6,99.8,3.0,0.0,100.0,100.0,100.0,0.4,100.0,3.6,53.8,8.2,4.3,68.8,92.0,75.1,83.4,0.0,0.0,0.0,0.0,0.0,0.0,0.1,92.0,100.0,92.9,100.0,100.0,100.0,100.0,100.0,98.5,97.9,98.0,92.0,100.0,99.7,20.0,53.36,76.0,90.8,5.8,1.0,0.2,0.2,47.2,1.1,99.8,63.6,36.4,10.8,50.5,27.9,100.0,0.0,27.6,81.52,82.6,88.06,71.32,54.05
2023-01-01,BALI,Kota Denpasar,0.5,87.3,1.3,1.2,99.8,1.0,0.0,99.9,99.9,97.6,1.4,100.0,6.9,37.2,10.8,5.7,61.8,100.0,73.3,100.0,0.0,0.0,0.0,0.0,0.0,0.0,0.0,100.0,100.0,100.0,98.3,98.8,96.8,99.6,98.0,99.5,98.9,99.1,100.0,100.0,99.8,11.0,53.36,100.0,100.0,100.0,1.0,0.1,0.1,100.0,4.0,99.8,59.8,40.2,7.4,51.5,60.0,50.0,50.0,41.3,100.0,99.7,100.0,92.54,100.0
